"コンテンツID",title,content,category
,[Dummy] Latest Technology Trends and Future Prospects,"<p>In modern society, technological evolution is remarkable. Various technologies such as AI, IoT, and blockchain are transforming our lives. This article provides a detailed explanation of the latest trends and future prospects.</p><img src=""https://images.microcms-assets.io/assets/d274aaefc96249399d81131cb7d6e127/d612b3051dde4af1bfbe7903f4810ec9/sample_1.jpg"" alt=""Sample Image"" />",58bzwe_3qjjj
,[Dummy] The Importance of Environmental Protection Activities for Achieving a Sustainable Society,"<p>Protecting the global environment is an important issue that we all must address. There are many problems such as climate change, ocean pollution, and deforestation. To achieve a sustainable society, individual awareness and action are essential.</p><img src=""https://images.microcms-assets.io/assets/d274aaefc96249399d81131cb7d6e127/d612b3051dde4af1bfbe7903f4810ec9/sample_1.jpg"" alt=""Sample Image"" />",9lozu28i4
,[Dummy] Balancing Diet and Exercise to Maintain a Healthy Lifestyle,"<p>To maintain a healthy body, proper diet and moderate exercise are essential. By maintaining a balanced diet and developing regular exercise habits, long-term health can be achieved. This article introduces specific methods.</p><img src=""https://images.microcms-assets.io/assets/d274aaefc96249399d81131cb7d6e127/d612b3051dde4af1bfbe7903f4810ec9/sample_1.jpg"" alt=""Sample Image"" />",k2z0l-0ji3
,[Dummy] The Relationship Between Economic Growth and Social Development from a Global Perspective,"<p>Economic growth and social development are closely related. In today's globalized world, economic policies and social systems of each country influence each other. A balanced approach is necessary to achieve sustainable growth.</p><img src=""https://images.microcms-assets.io/assets/d274aaefc96249399d81131cb7d6e127/d612b3051dde4af1bfbe7903f4810ec9/sample_1.jpg"" alt=""Sample Image"" />",jm0xcbt73avd
,[Dummy] Latest Learning Methods and Technology Utilization to Improve Education Quality,"<p>Technology is also being utilized in the field of education. New learning methods such as online learning, AI-powered personalized instruction, and VR-based experiential learning are emerging one after another. By effectively utilizing these technologies, the quality of education can be significantly improved.</p><img src=""https://images.microcms-assets.io/assets/d274aaefc96249399d81131cb7d6e127/d612b3051dde4af1bfbe7903f4810ec9/sample_1.jpg"" alt=""Sample Image"" />",ga-gar-1j
,[Dummy] The Importance of International Exchange to Respect and Understand Cultural Diversity,"<p>In today's globalized world, understanding and respecting different cultures is very important. Through international exchange, we can encounter diverse values and ways of thinking. This mutual understanding forms the foundation for building a better world.</p><img src=""https://images.microcms-assets.io/assets/d274aaefc96249399d81131cb7d6e127/d612b3051dde4af1bfbe7903f4810ec9/sample_1.jpg"" alt=""Sample Image"" />",t3vb01i1543
,[Dummy] The Importance of Creativity and Teamwork in Generating Innovation,"<p>Creativity and teamwork are essential to generate new ideas and innovative solutions. By collaborating with people from diverse backgrounds, better results can be achieved. This article explores effective collaboration methods.</p><img src=""https://images.microcms-assets.io/assets/d274aaefc96249399d81131cb7d6e127/d612b3051dde4af1bfbe7903f4810ec9/sample_1.jpg"" alt=""Sample Image"" />",58bzwe_3qjjj
,[Dummy] The Necessity of Information Literacy and Security Measures in the Digital Age,"<p>In today's increasingly digitalized world, information literacy and security measures are becoming more important. Knowledge is needed to safely navigate the digital society, including personal information protection, countermeasures against cyber attacks, and identifying appropriate information.</p><img src=""https://images.microcms-assets.io/assets/d274aaefc96249399d81131cb7d6e127/d612b3051dde4af1bfbe7903f4810ec9/sample_1.jpg"" alt=""Sample Image"" />",58bzwe_3qjjj
,[Dummy] Community Revitalization and Resident-Participatory Town Development Activities,"<p>Community revitalization is an important element in improving the quality of life for residents. Through resident-participatory town development activities, local issues can be resolved and a better environment can be created. This article introduces successful cases.</p><img src=""https://images.microcms-assets.io/assets/d274aaefc96249399d81131cb7d6e127/d612b3051dde4af1bfbe7903f4810ec9/sample_1.jpg"" alt=""Sample Image"" />",9lozu28i4
,[Dummy] The Impact of Art and Design on Society and the Creation of Cultural Value,"<p>Art and design have the power to significantly influence society, not just as aesthetic expressions. They play diverse roles such as creating culture, promoting communication, and raising awareness of social issues.</p><img src=""https://images.microcms-assets.io/assets/d274aaefc96249399d81131cb7d6e127/d612b3051dde4af1bfbe7903f4810ec9/sample_1.jpg"" alt=""Sample Image"" />",t3vb01i1543
,[Dummy] Innovative Changes and Possibilities Brought by Scientific and Technological Development to the Medical Field,"<p>Advances in science and technology are bringing revolutionary changes to the medical field. New technologies such as gene therapy, regenerative medicine, and telemedicine are being put into practical use one after another. These technologies are improving patients' quality of life and expanding the possibilities of medicine.</p><img src=""https://images.microcms-assets.io/assets/d274aaefc96249399d81131cb7d6e127/d612b3051dde4af1bfbe7903f4810ec9/sample_1.jpg"" alt=""Sample Image"" />",ojkpa8dkcu
,[Dummy] Balancing Sustainable Growth Strategies and Social Responsibility in Business,"<p>In modern business, social responsibility is an important element in addition to profit pursuit. To achieve sustainable growth, a multifaceted approach is needed, including environmental considerations, employee welfare, and contributions to local communities.</p><img src=""https://images.microcms-assets.io/assets/d274aaefc96249399d81131cb7d6e127/d612b3051dde4af1bfbe7903f4810ec9/sample_1.jpg"" alt=""Sample Image"" />",jm0xcbt73avd
,[Dummy] The Effects of Sports on Physical Health and Mental Fulfillment,"<p>Sports have significant effects not only on physical health but also on mental fulfillment. Regular exercise brings various benefits such as stress relief, increased confidence, and promotion of sociability. This article introduces ways to develop effective exercise habits.</p><img src=""https://images.microcms-assets.io/assets/d274aaefc96249399d81131cb7d6e127/d612b3051dde4af1bfbe7903f4810ec9/sample_1.jpg"" alt=""Sample Image"" />",drkio5os0s
,[Dummy] The Impact of Music and Culture on People's Hearts and Their Social Significance,"<p>Music is an important part of culture and deeply influences people's emotions and thoughts. By experiencing music from different cultural spheres, we can understand diversity and deepen mutual understanding. This article explores the social significance of music.</p><img src=""https://images.microcms-assets.io/assets/d274aaefc96249399d81131cb7d6e127/d612b3051dde4af1bfbe7903f4810ec9/sample_1.jpg"" alt=""Sample Image"" />",t3vb01i1543
,[Dummy] The Impact and Potential of Travel and Tourism on Regional Economy and Cultural Exchange,"<p>Travel and tourism play a significant role in revitalizing regional economies and promoting cultural exchange. An increase in tourists leads to job creation and cultural preservation in the region. It is important to consider sustainable tourism practices.</p><img src=""https://images.microcms-assets.io/assets/d274aaefc96249399d81131cb7d6e127/d612b3051dde4af1bfbe7903f4810ec9/sample_1.jpg"" alt=""Sample Image"" />",k2z0l-0ji3
,[Dummy] The Importance of Food Culture Diversity and the Cultural Value of Traditional Cuisine,"<p>Food culture is an important element that reflects the history and traditions of a region. Traditional cuisine is not just a source of nutrition but also an expression of cultural identity. By understanding diverse food cultures, we can gain a richer worldview.</p><img src=""https://images.microcms-assets.io/assets/d274aaefc96249399d81131cb7d6e127/d612b3051dde4af1bfbe7903f4810ec9/sample_1.jpg"" alt=""Sample Image"" />",t3vb01i1543
,[Dummy] The Necessity of Enhancing Welfare and Care Services in an Aging Society,"<p>In today's aging society, enhancing welfare and care services is an important issue. To create an environment where the elderly can live with peace of mind, a comprehensive support system is needed. This article analyzes the current situation and challenges.</p><img src=""https://images.microcms-assets.io/assets/d274aaefc96249399d81131cb7d6e127/d612b3051dde4af1bfbe7903f4810ec9/sample_1.jpg"" alt=""Sample Image"" />",ojkpa8dkcu
,[Dummy] Pursuing Diverse Possibilities in Career Development and Career Choice for Young People,"<p>Today's young people can choose diverse career paths different from traditional ones. New ways of working such as entrepreneurship, freelancing, and remote work are spreading. This article explores how these changes affect personal growth and social development.</p><img src=""https://images.microcms-assets.io/assets/d274aaefc96249399d81131cb7d6e127/d612b3051dde4af1bfbe7903f4810ec9/sample_1.jpg"" alt=""Sample Image"" />",jm0xcbt73avd
,[Dummy] The Importance of Regional Cooperation in Preparing for Natural Disasters and Raising Disaster Prevention Awareness,"<p>Natural disasters are difficult to predict when and where they will occur. Therefore, daily preparation and raising disaster prevention awareness are important. By working together as a community and conducting disaster drills and information sharing, damage during disasters can be minimized.</p><img src=""https://images.microcms-assets.io/assets/d274aaefc96249399d81131cb7d6e127/d612b3051dde4af1bfbe7903f4810ec9/sample_1.jpg"" alt=""Sample Image"" />",9lozu28i4
,[Dummy] Human Responsibility and Role in Animal Protection and Ecosystem Maintenance,"<p>Animal protection and ecosystem maintenance are important responsibilities of humanity. There are many challenges such as biodiversity conservation, protection of endangered species, and maintenance of the natural environment. For a sustainable future, harmony between humans and nature is essential.</p><img src=""https://images.microcms-assets.io/assets/d274aaefc96249399d81131cb7d6e127/d612b3051dde4af1bfbe7903f4810ec9/sample_1.jpg"" alt=""Sample Image"" />",9lozu28i4
,[Dummy] The Effects of Reading and Learning on Knowledge Accumulation and Expanding Perspectives in Life,"<p>Reading and learning are important activities that enrich life. They offer many benefits such as knowledge accumulation, expanding perspectives, and improving thinking skills. By developing continuous learning habits, personal growth and contribution to society become possible.</p><img src=""https://images.microcms-assets.io/assets/d274aaefc96249399d81131cb7d6e127/d612b3051dde4af1bfbe7903f4810ec9/sample_1.jpg"" alt=""Sample Image"" />",ga-gar-1j
,[Dummy] The Impact of Urban Planning and Architectural Design on People's Living Environment,"<p>Urban planning and architectural design directly affect people's living environment. Many elements must be considered, such as creating livable cities, environmentally conscious design, and ensuring accessibility. This article introduces excellent examples.</p><img src=""https://images.microcms-assets.io/assets/d274aaefc96249399d81131cb7d6e127/d612b3051dde4af1bfbe7903f4810ec9/sample_1.jpg"" alt=""Sample Image"" />",k2z0l-0ji3
,[Dummy] The Importance of Media Literacy and the Ability to Discern Information Authenticity,"<p>In an information society, media literacy is an essential skill. Information of unknown authenticity abounds on SNS and the internet. It is important to develop the ability to identify appropriate information and think critically.</p><img src=""https://images.microcms-assets.io/assets/d274aaefc96249399d81131cb7d6e127/d612b3051dde4af1bfbe7903f4810ec9/sample_1.jpg"" alt=""Sample Image"" />",58bzwe_3qjjj
,[Dummy] The Impact of Family Bonds and Communication on Mental Health,"<p>Family bonds and communication have a significant impact on mental health. Good family relationships bring many benefits such as stress reduction, increased self-esteem, and providing emotional support. This article explores effective communication methods.</p><img src=""https://images.microcms-assets.io/assets/d274aaefc96249399d81131cb7d6e127/d612b3051dde4af1bfbe7903f4810ec9/sample_1.jpg"" alt=""Sample Image"" />",k2z0l-0ji3
,[Dummy] Sustainable Methods and Environmental Considerations in Agriculture and Food Production,"<p>Agriculture and food production are essential activities for human survival. However, their impact on the environment cannot be ignored. Environmentally conscious efforts such as sustainable agricultural methods, organic farming, and local production for local consumption are becoming important.</p><img src=""https://images.microcms-assets.io/assets/d274aaefc96249399d81131cb7d6e127/d612b3051dde4af1bfbe7903f4810ec9/sample_1.jpg"" alt=""Sample Image"" />",9lozu28i4
,[Dummy] Preservation Activities and the Role of Education in Passing History and Cultural Heritage to Future Generations,"<p>History and cultural heritage are valuable assets of humanity. To pass these on to future generations, appropriate preservation activities and education are important. Many efforts are needed, including cultural heritage protection, enhancing history education, and passing on traditional techniques.</p><img src=""https://images.microcms-assets.io/assets/d274aaefc96249399d81131cb7d6e127/d612b3051dde4af1bfbe7903f4810ec9/sample_1.jpg"" alt=""Sample Image"" />",t3vb01i1543
,[Dummy] Energy Issues and Changes Brought to Society by the Transition to Renewable Energy,"<p>Energy issues are an important challenge facing modern society. The transition from dependence on fossil fuels to renewable energy is progressing. This article analyzes how this change affects the balance between environmental protection and economic development.</p><img src=""https://images.microcms-assets.io/assets/d274aaefc96249399d81131cb7d6e127/d612b3051dde4af1bfbe7903f4810ec9/sample_1.jpg"" alt=""Sample Image"" />",9lozu28i4
,[Dummy] The Impact and Importance of Psychology and Mental Health on Daily Life,"<p>Psychology and mental health have a significant impact on daily life. By utilizing psychological knowledge for stress management, emotion control, and improving relationships, a more fulfilling life can be achieved.</p><img src=""https://images.microcms-assets.io/assets/d274aaefc96249399d81131cb7d6e127/d612b3051dde4af1bfbe7903f4810ec9/sample_1.jpg"" alt=""Sample Image"" />",ojkpa8dkcu
,[Dummy] The Impact of Transportation Infrastructure and Urban Mobility on People's Lives,"<p>Transportation infrastructure and urban mobility directly affect people's quality of life. New transportation methods such as improved public transportation, bicycle sharing, and EV adoption are emerging. This article explores how these changes affect urban life.</p><img src=""https://images.microcms-assets.io/assets/d274aaefc96249399d81131cb7d6e127/d612b3051dde4af1bfbe7903f4810ec9/sample_1.jpg"" alt=""Sample Image"" />",k2z0l-0ji3
,[Dummy] The Significance of Language Learning and Multilingual Communication in Deepening International Understanding,"<p>Language learning is an important means to understand different cultures and enable international communication. By acquiring multiple languages, perspectives broaden and diverse values can be accepted. In today's increasingly globalized world, the importance of language learning is growing.</p><img src=""https://images.microcms-assets.io/assets/d274aaefc96249399d81131cb7d6e127/d612b3051dde4af1bfbe7903f4810ec9/sample_1.jpg"" alt=""Sample Image"" />",ga-gar-1j
